1,2025-03-09 17:16:54,0,DRY
2,2025-03-09 17:16:55,0,DRY
3,2025-03-09 17:16:56,0,DRY
4,2025-03-09 17:16:57,0,DRY
5,2025-03-09 17:16:58,0,DRY
6,2025-03-09 17:16:59,0,DRY
7,2025-03-09 17:17:00,0,DRY
8,2025-03-09 17:17:01,0,DRY
9,2025-03-09 17:17:02,0,DRY
10,2025-03-09 17:17:03,0,DRY
11,2025-03-09 17:17:04,0,DRY
12,2025-03-09 17:17:05,0,DRY
13,2025-03-09 17:17:06,0,DRY
14,2025-03-09 17:17:07,0,DRY
15,2025-03-09 17:17:08,0,DRY
16,2025-03-09 17:17:09,0,DRY
17,2025-03-09 17:17:11,0,DRY
18,2025-03-09 17:17:12,0,DRY
19,2025-03-09 17:17:13,0,DRY
20,2025-03-09 17:17:14,0,DRY
21,2025-03-09 17:17:15,0,DRY
22,2025-03-09 17:17:16,0,DRY
23,2025-03-09 17:17:17,0,DRY
24,2025-03-09 17:17:18,0,DRY
25,2025-03-09 17:17:19,0,DRY
26,2025-03-09 17:17:20,0,DRY
27,2025-03-09 17:17:21,0,DRY
28,2025-03-09 17:17:22,0,DRY
29,2025-03-09 17:17:23,0,DRY
30,2025-03-09 17:17:24,0,DRY
31,2025-03-09 17:17:25,0,DRY
32,2025-03-09 17:17:26,0,DRY
33,2025-03-09 17:17:27,0,DRY
34,2025-03-09 17:17:28,0,DRY
35,2025-03-09 17:17:29,0,DRY
36,2025-03-09 17:17:30,0,DRY
37,2025-03-09 17:17:31,0,DRY
38,2025-03-09 17:17:32,0,DRY
39,2025-03-09 17:17:33,0,DRY
40,2025-03-09 17:17:34,0,DRY
41,2025-03-09 17:17:35,0,DRY
42,2025-03-09 17:17:36,0,DRY
43,2025-03-09 17:17:37,0,DRY
44,2025-03-09 17:17:38,0,DRY
45,2025-03-09 17:17:39,0,DRY
46,2025-03-09 17:17:40,0,DRY
47,2025-03-09 17:17:41,0,DRY
48,2025-03-09 17:17:42,0,DRY
49,2025-03-09 17:17:43,0,DRY
50,2025-03-09 17:17:44,0,DRY
51,2025-03-09 17:17:45,0,DRY
52,2025-03-09 17:17:46,0,DRY
53,2025-03-09 17:17:47,0,DRY
54,2025-03-09 17:17:48,0,DRY
55,2025-03-09 17:17:49,0,DRY
56,2025-03-09 17:17:50,0,DRY
57,2025-03-09 17:17:51,0,DRY
58,2025-03-09 17:17:52,0,DRY
59,2025-03-09 17:17:53,0,DRY
60,2025-03-09 17:17:55,0,DRY
61,2025-03-09 17:17:56,0,DRY
62,2025-03-09 17:17:57,0,DRY
63,2025-03-09 17:17:58,0,DRY
64,2025-03-09 17:17:59,0,DRY
65,2025-03-09 17:18:00,0,DRY
66,2025-03-09 17:18:01,0,DRY
67,2025-03-09 17:18:02,0,DRY
68,2025-03-09 17:18:03,0,DRY
69,2025-03-09 17:18:04,0,DRY
70,2025-03-09 17:18:05,0,DRY
71,2025-03-09 17:18:06,0,DRY
72,2025-03-09 17:18:07,0,DRY
73,2025-03-09 17:18:08,0,DRY
74,2025-03-09 17:18:09,0,DRY
75,2025-03-09 17:18:10,0,DRY
76,2025-03-09 17:18:11,0,DRY
77,2025-03-09 17:18:12,0,DRY
78,2025-03-09 17:18:13,0,DRY
79,2025-03-09 17:18:14,0,DRY
80,2025-03-09 17:18:15,0,DRY
81,2025-03-09 17:18:16,0,DRY
82,2025-03-09 17:18:17,0,DRY
83,2025-03-09 17:18:18,0,DRY
84,2025-03-09 17:18:19,0,DRY
85,2025-03-09 17:18:20,0,DRY
86,2025-03-09 17:18:21,0,DRY
87,2025-03-09 17:18:22,0,DRY
88,2025-03-09 17:18:23,0,DRY
89,2025-03-09 17:18:24,0,DRY
90,2025-03-09 17:18:25,0,DRY
91,2025-03-09 17:18:26,0,DRY
92,2025-03-09 17:18:27,0,DRY
93,2025-03-09 17:18:28,0,DRY
94,2025-03-09 17:18:29,0,DRY
95,2025-03-09 17:18:30,0,DRY
96,2025-03-09 17:18:31,0,DRY
97,2025-03-09 17:18:32,0,DRY
98,2025-03-09 17:18:33,0,DRY
99,2025-03-09 17:18:34,0,DRY
100,2025-03-09 17:18:35,0,DRY
101,2025-03-09 17:18:36,0,DRY
102,2025-03-09 17:18:37,0,DRY
103,2025-03-09 17:18:39,0,DRY
104,2025-03-09 17:18:40,0,DRY
105,2025-03-09 17:18:41,0,DRY
106,2025-03-09 17:18:42,0,DRY
107,2025-03-09 17:18:43,0,DRY
108,2025-03-09 17:18:44,0,DRY
109,2025-03-09 17:18:45,0,DRY
110,2025-03-09 17:18:46,0,DRY
111,2025-03-09 17:18:47,0,DRY
112,2025-03-09 17:18:48,0,DRY
113,2025-03-09 17:18:49,0,DRY
114,2025-03-09 17:18:50,0,DRY
115,2025-03-09 17:18:51,0,DRY
116,2025-03-09 17:18:52,0,DRY
117,2025-03-09 17:18:53,0,DRY
118,2025-03-09 17:18:54,0,DRY
119,2025-03-09 17:18:55,0,DRY
120,2025-03-09 17:18:56,0,DRY
121,2025-03-09 17:18:57,0,DRY
122,2025-03-09 17:18:58,0,DRY
123,2025-03-09 17:18:59,0,DRY
124,2025-03-09 17:19:00,0,DRY
125,2025-03-09 17:19:01,0,DRY
126,2025-03-09 17:19:02,0,DRY
127,2025-03-09 17:19:03,0,DRY
128,2025-03-09 17:19:04,0,DRY
129,2025-03-09 17:19:05,0,DRY
130,2025-03-09 17:19:06,0,DRY
131,2025-03-09 17:19:07,0,DRY
132,2025-03-09 17:19:08,0,DRY
133,2025-03-09 17:19:09,0,DRY
134,2025-03-09 17:19:10,0,DRY
135,2025-03-09 17:19:11,0,DRY
136,2025-03-09 17:19:12,0,DRY
137,2025-03-09 17:19:13,0,DRY
138,2025-03-09 17:19:14,0,DRY
139,2025-03-09 17:19:15,0,DRY
140,2025-03-09 17:19:16,0,DRY
141,2025-03-09 17:19:17,0,DRY
142,2025-03-09 17:19:18,0,DRY
143,2025-03-09 17:19:19,0,DRY
144,2025-03-09 17:19:20,0,DRY
145,2025-03-09 17:19:21,0,DRY
146,2025-03-09 17:19:22,0,DRY
147,2025-03-09 17:19:24,0,DRY
148,2025-03-09 17:19:25,0,DRY
149,2025-03-09 17:19:26,0,DRY
150,2025-03-09 17:19:27,0,DRY
151,2025-03-09 17:19:28,0,DRY
152,2025-03-09 17:19:29,0,DRY
153,2025-03-09 17:19:30,0,DRY
154,2025-03-09 17:19:31,0,DRY
155,2025-03-09 17:19:32,0,DRY
156,2025-03-09 17:19:33,0,DRY
157,2025-03-09 17:19:34,0,DRY
158,2025-03-09 17:19:35,0,DRY
159,2025-03-09 17:19:36,0,DRY
160,2025-03-09 17:19:37,0,DRY
161,2025-03-09 17:19:38,0,DRY
162,2025-03-09 17:19:39,0,DRY
163,2025-03-09 17:19:40,0,DRY
164,2025-03-09 17:19:41,0,DRY
165,2025-03-09 17:19:42,0,DRY
166,2025-03-09 17:19:43,0,DRY
167,2025-03-09 17:19:44,0,DRY
168,2025-03-09 17:19:45,0,DRY
169,2025-03-09 17:19:46,0,DRY
170,2025-03-09 17:19:47,0,DRY
171,2025-03-09 17:19:48,0,DRY
172,2025-03-09 17:19:49,0,DRY
173,2025-03-09 17:19:50,0,DRY
174,2025-03-09 17:19:51,0,DRY
175,2025-03-09 17:19:52,0,DRY
176,2025-03-09 17:19:53,0,DRY
177,2025-03-09 17:19:54,0,DRY
178,2025-03-09 17:19:55,0,DRY
179,2025-03-09 17:19:56,0,DRY
180,2025-03-09 17:19:57,0,DRY
181,2025-03-09 17:19:58,0,DRY
182,2025-03-09 17:19:59,0,DRY
183,2025-03-09 17:20:00,0,DRY
184,2025-03-09 17:20:01,0,DRY
185,2025-03-09 17:20:02,0,DRY
186,2025-03-09 17:20:03,0,DRY
187,2025-03-09 17:20:04,0,DRY
188,2025-03-09 17:20:05,0,DRY
189,2025-03-09 17:20:06,0,DRY
190,2025-03-09 17:20:08,0,DRY
191,2025-03-09 17:20:09,0,DRY
192,2025-03-09 17:20:10,0,DRY
193,2025-03-09 17:20:11,0,DRY
194,2025-03-09 17:20:12,0,DRY
195,2025-03-09 17:20:13,0,DRY
196,2025-03-09 17:20:14,0,DRY
197,2025-03-09 17:20:15,0,DRY
198,2025-03-09 17:20:16,0,DRY
199,2025-03-09 17:20:17,0,DRY
200,2025-03-09 17:20:18,0,DRY
201,2025-03-09 17:20:19,0,DRY
202,2025-03-09 17:20:20,0,DRY
203,2025-03-09 17:20:21,0,DRY
204,2025-03-09 17:20:22,0,DRY
205,2025-03-09 17:20:23,0,DRY
206,2025-03-09 17:20:24,0,DRY
207,2025-03-09 17:20:25,0,DRY
208,2025-03-09 17:20:26,0,DRY
209,2025-03-09 17:20:27,0,DRY
210,2025-03-09 17:20:28,0,DRY
211,2025-03-09 17:20:29,0,DRY
212,2025-03-09 17:20:30,0,DRY
213,2025-03-09 17:20:31,0,DRY
214,2025-03-09 17:20:32,0,DRY
215,2025-03-09 17:20:33,0,DRY
216,2025-03-09 17:20:34,0,DRY
217,2025-03-09 17:20:35,0,DRY
218,2025-03-09 17:20:36,0,DRY
219,2025-03-09 17:20:37,0,DRY
220,2025-03-09 17:20:38,0,DRY
221,2025-03-09 17:20:39,0,DRY
222,2025-03-09 17:20:40,0,DRY
223,2025-03-09 17:20:41,0,DRY
224,2025-03-09 17:20:42,0,DRY
225,2025-03-09 17:20:43,0,DRY
226,2025-03-09 17:20:44,0,DRY
227,2025-03-09 17:20:45,0,DRY
228,2025-03-09 17:20:46,0,DRY
229,2025-03-09 17:20:47,0,DRY
230,2025-03-09 17:20:48,0,DRY
231,2025-03-09 17:20:49,0,DRY
232,2025-03-09 17:20:50,0,DRY
233,2025-03-09 17:20:52,0,DRY
234,2025-03-09 17:20:53,0,DRY
235,2025-03-09 17:20:54,0,DRY
236,2025-03-09 17:20:55,0,DRY
237,2025-03-09 17:20:56,0,DRY
238,2025-03-09 17:20:57,0,DRY
239,2025-03-09 17:20:58,0,DRY
240,2025-03-09 17:20:59,0,DRY
241,2025-03-09 17:21:00,0,DRY
242,2025-03-09 17:21:01,0,DRY
243,2025-03-09 17:21:02,0,DRY
244,2025-03-09 17:21:03,0,DRY
245,2025-03-09 17:21:04,0,DRY
246,2025-03-09 17:21:05,0,DRY
247,2025-03-09 17:21:06,0,DRY
248,2025-03-09 17:21:07,0,DRY
249,2025-03-09 17:21:08,0,DRY
250,2025-03-09 17:21:09,0,DRY
251,2025-03-09 17:21:10,0,DRY
252,2025-03-09 17:21:11,0,DRY
253,2025-03-09 17:21:12,0,DRY
254,2025-03-09 17:21:13,0,DRY
255,2025-03-09 17:21:14,0,DRY
256,2025-03-09 17:21:15,0,DRY
257,2025-03-09 17:21:16,0,DRY
258,2025-03-09 17:21:17,0,DRY
259,2025-03-09 17:21:18,0,DRY
260,2025-03-09 17:21:19,0,DRY
261,2025-03-09 17:21:20,0,DRY
262,2025-03-09 17:21:21,0,DRY
263,2025-03-09 17:21:22,0,DRY
264,2025-03-09 17:21:23,0,DRY
265,2025-03-09 17:21:24,0,DRY
266,2025-03-09 17:21:25,0,DRY
267,2025-03-09 17:21:26,0,DRY
268,2025-03-09 17:21:27,0,DRY
269,2025-03-09 17:21:28,0,DRY
270,2025-03-09 17:21:29,0,DRY
271,2025-03-09 17:21:30,0,DRY
272,2025-03-09 17:21:31,0,DRY
273,2025-03-09 17:21:32,0,DRY
274,2025-03-09 17:21:33,0,DRY
275,2025-03-09 17:21:34,0,DRY
276,2025-03-09 17:21:36,0,DRY
277,2025-03-09 17:21:37,0,DRY
278,2025-03-09 17:21:38,0,DRY
279,2025-03-09 17:21:39,0,DRY
280,2025-03-09 17:21:40,0,DRY
281,2025-03-09 17:21:41,0,DRY
282,2025-03-09 17:21:42,0,DRY
283,2025-03-09 17:21:43,0,DRY
284,2025-03-09 17:21:44,0,DRY
285,2025-03-09 17:21:45,0,DRY
286,2025-03-09 17:21:46,0,DRY
287,2025-03-09 17:21:47,0,DRY
288,2025-03-09 17:21:48,0,DRY
289,2025-03-09 17:21:49,0,DRY
290,2025-03-09 17:21:50,0,DRY
291,2025-03-09 17:21:51,0,DRY
292,2025-03-09 17:21:52,0,DRY
293,2025-03-09 17:21:53,0,DRY
294,2025-03-09 17:21:54,0,DRY
295,2025-03-09 17:21:55,0,DRY
296,2025-03-09 17:21:56,0,DRY
297,2025-03-09 17:21:57,0,DRY
298,2025-03-09 17:21:58,0,DRY
299,2025-03-09 17:21:59,0,DRY
300,2025-03-09 17:22:00,0,DRY
301,2025-03-09 17:22:01,0,DRY
302,2025-03-09 17:22:02,0,DRY
303,2025-03-09 17:22:03,0,DRY
304,2025-03-09 17:22:04,0,DRY
305,2025-03-09 17:22:05,0,DRY
306,2025-03-09 17:22:06,0,DRY
307,2025-03-09 17:22:07,0,DRY
308,2025-03-09 17:22:08,0,DRY
309,2025-03-09 17:22:09,0,DRY
310,2025-03-09 17:22:10,0,DRY
311,2025-03-09 17:22:11,0,DRY
312,2025-03-09 17:22:12,0,DRY
313,2025-03-09 17:22:13,0,DRY
314,2025-03-09 17:22:14,0,DRY
315,2025-03-09 17:22:15,0,DRY
316,2025-03-09 17:22:16,0,DRY
317,2025-03-09 17:22:17,0,DRY
318,2025-03-09 17:22:18,0,DRY
319,2025-03-09 17:22:20,0,DRY
320,2025-03-09 17:22:21,0,DRY
321,2025-03-09 17:22:22,0,DRY
322,2025-03-09 17:22:23,0,DRY
323,2025-03-09 17:22:24,0,DRY
324,2025-03-09 17:22:25,0,DRY
325,2025-03-09 17:22:26,0,DRY
326,2025-03-09 17:22:27,0,DRY
327,2025-03-09 17:22:28,0,DRY
328,2025-03-09 17:22:29,0,DRY
329,2025-03-09 17:22:30,0,DRY
330,2025-03-09 17:22:31,0,DRY
331,2025-03-09 17:22:32,0,DRY
332,2025-03-09 17:22:33,0,DRY
333,2025-03-09 17:22:34,0,DRY
334,2025-03-09 17:22:35,0,DRY
335,2025-03-09 17:22:36,0,DRY
336,2025-03-09 17:22:37,0,DRY
337,2025-03-09 17:22:38,0,DRY
338,2025-03-09 17:22:39,0,DRY
339,2025-03-09 17:22:40,0,DRY
340,2025-03-09 17:22:41,0,DRY
341,2025-03-09 17:22:42,0,DRY
342,2025-03-09 17:22:43,0,DRY
343,2025-03-09 17:22:44,0,DRY
344,2025-03-09 17:22:45,0,DRY
345,2025-03-09 17:22:46,0,DRY
346,2025-03-09 17:22:47,0,DRY
347,2025-03-09 17:22:48,0,DRY
348,2025-03-09 17:22:49,0,DRY
349,2025-03-09 17:22:50,0,DRY
350,2025-03-09 17:22:51,0,DRY
351,2025-03-09 17:22:52,0,DRY
352,2025-03-09 17:22:53,0,DRY
353,2025-03-09 17:22:54,0,DRY
354,2025-03-09 17:22:55,0,DRY
355,2025-03-09 17:22:56,0,DRY
356,2025-03-09 17:22:57,0,DRY
357,2025-03-09 17:22:58,0,DRY
358,2025-03-09 17:22:59,0,DRY
359,2025-03-09 17:23:00,0,DRY
360,2025-03-09 17:23:02,0,DRY
361,2025-03-09 17:23:03,0,DRY
362,2025-03-09 17:23:04,0,DRY
363,2025-03-09 17:23:05,0,DRY
364,2025-03-09 17:23:06,0,DRY
365,2025-03-09 17:23:07,0,DRY
366,2025-03-09 17:23:08,0,DRY
367,2025-03-09 17:23:09,0,DRY
368,2025-03-09 17:23:10,0,DRY
369,2025-03-09 17:23:11,0,DRY
370,2025-03-09 17:23:12,0,DRY
371,2025-03-09 17:23:13,0,DRY
372,2025-03-09 17:23:14,0,DRY
373,2025-03-09 17:23:15,0,DRY
374,2025-03-09 17:23:16,0,DRY
375,2025-03-09 17:23:17,0,DRY
376,2025-03-09 17:23:18,0,DRY
377,2025-03-09 17:23:19,0,DRY
378,2025-03-09 17:23:20,0,DRY
379,2025-03-09 17:23:21,0,DRY
380,2025-03-09 17:23:22,0,DRY
381,2025-03-09 17:23:23,0,DRY
382,2025-03-09 17:23:24,0,DRY
383,2025-03-09 17:23:25,0,DRY
384,2025-03-09 17:23:26,0,DRY
385,2025-03-09 17:23:27,0,DRY
386,2025-03-09 17:23:28,0,DRY
387,2025-03-09 17:23:29,0,DRY
388,2025-03-09 17:23:30,0,DRY
389,2025-03-09 17:23:31,0,DRY
390,2025-03-09 17:23:32,0,DRY
391,2025-03-09 17:23:33,0,DRY
392,2025-03-09 17:23:34,0,DRY
393,2025-03-09 17:23:35,0,DRY
394,2025-03-09 17:23:36,0,DRY
395,2025-03-09 17:23:37,0,DRY
396,2025-03-09 17:23:38,0,DRY
397,2025-03-09 17:23:39,0,DRY
398,2025-03-09 17:23:40,0,DRY
399,2025-03-09 17:23:41,0,DRY
400,2025-03-09 17:23:42,0,DRY
401,2025-03-09 17:23:43,0,DRY
402,2025-03-09 17:23:44,0,DRY
403,2025-03-09 17:23:46,0,DRY
404,2025-03-09 17:23:47,0,DRY
405,2025-03-09 17:23:48,0,DRY
406,2025-03-09 17:23:49,0,DRY
407,2025-03-09 17:23:50,0,DRY
408,2025-03-09 17:23:51,0,DRY
409,2025-03-09 17:23:52,0,DRY
410,2025-03-09 17:23:53,0,DRY
411,2025-03-09 17:23:54,0,DRY
412,2025-03-09 17:23:55,0,DRY
413,2025-03-09 17:23:56,0,DRY
414,2025-03-09 17:23:57,0,DRY
415,2025-03-09 17:23:58,0,DRY
416,2025-03-09 17:23:59,0,DRY
417,2025-03-09 17:24:00,0,DRY
418,2025-03-09 17:24:01,0,DRY
419,2025-03-09 17:24:02,0,DRY
420,2025-03-09 17:24:03,0,DRY
421,2025-03-09 17:24:04,0,DRY
422,2025-03-09 17:24:05,0,DRY
423,2025-03-09 17:24:06,0,DRY
424,2025-03-09 17:24:07,0,DRY
425,2025-03-09 17:24:08,0,DRY
426,2025-03-09 17:24:09,0,DRY
427,2025-03-09 17:24:10,0,DRY
428,2025-03-09 17:24:11,0,DRY
429,2025-03-09 17:24:12,0,DRY
430,2025-03-09 17:24:13,0,DRY
431,2025-03-09 17:24:14,0,DRY
432,2025-03-09 17:24:15,0,DRY
433,2025-03-09 17:24:16,0,DRY
434,2025-03-09 17:24:17,0,DRY
435,2025-03-09 17:24:18,0,DRY
436,2025-03-09 17:24:19,0,DRY
437,2025-03-09 17:24:20,0,DRY
438,2025-03-09 17:24:21,0,DRY
439,2025-03-09 17:24:22,0,DRY
440,2025-03-09 17:24:23,0,DRY
441,2025-03-09 17:24:24,0,DRY
442,2025-03-09 17:24:25,0,DRY
443,2025-03-09 17:24:26,0,DRY
444,2025-03-09 17:24:27,0,DRY
445,2025-03-09 17:24:28,0,DRY
446,2025-03-09 17:24:30,0,DRY
447,2025-03-09 17:24:31,0,DRY
448,2025-03-09 17:24:32,0,DRY
449,2025-03-09 17:24:33,0,DRY
450,2025-03-09 17:24:34,0,DRY
451,2025-03-09 17:24:35,0,DRY
452,2025-03-09 17:24:36,0,DRY
453,2025-03-09 17:24:37,0,DRY
454,2025-03-09 17:24:38,0,DRY
455,2025-03-09 17:24:39,0,DRY
456,2025-03-09 17:24:40,0,DRY
457,2025-03-09 17:24:41,0,DRY
458,2025-03-09 17:24:42,0,DRY
459,2025-03-09 17:24:43,0,DRY
460,2025-03-09 17:24:44,0,DRY
461,2025-03-09 17:24:45,0,DRY
462,2025-03-09 17:24:46,0,DRY
463,2025-03-09 17:24:47,0,DRY
464,2025-03-09 17:24:48,0,DRY
465,2025-03-09 17:24:49,0,DRY
466,2025-03-09 17:24:50,0,DRY
467,2025-03-09 17:24:51,0,DRY
468,2025-03-09 17:24:52,0,DRY
469,2025-03-09 17:24:53,0,DRY
470,2025-03-09 17:24:54,0,DRY
471,2025-03-09 17:24:55,0,DRY
472,2025-03-09 17:24:56,0,DRY
473,2025-03-09 17:24:57,0,DRY
474,2025-03-09 17:24:58,0,DRY
475,2025-03-09 17:24:59,0,DRY
476,2025-03-09 17:25:00,0,DRY
477,2025-03-09 17:25:01,0,DRY
478,2025-03-09 17:25:02,0,DRY
479,2025-03-09 17:25:03,0,DRY
480,2025-03-09 17:25:04,0,DRY
481,2025-03-09 17:25:05,0,DRY
482,2025-03-09 17:25:06,0,DRY
483,2025-03-09 17:25:07,0,DRY
484,2025-03-09 17:25:08,0,DRY
485,2025-03-09 17:25:09,0,DRY
486,2025-03-09 17:25:10,0,DRY
487,2025-03-09 17:25:11,0,DRY
488,2025-03-09 17:25:12,0,DRY
489,2025-03-09 17:25:14,0,DRY
490,2025-03-09 17:25:15,0,DRY
491,2025-03-09 17:25:16,0,DRY
492,2025-03-09 17:25:17,0,DRY
493,2025-03-09 17:25:18,0,DRY
494,2025-03-09 17:25:19,0,DRY
495,2025-03-09 17:25:20,0,DRY
496,2025-03-09 17:25:21,0,DRY
497,2025-03-09 17:25:22,0,DRY
498,2025-03-09 17:25:23,0,DRY
499,2025-03-09 17:25:24,0,DRY
500,2025-03-09 17:25:25,0,DRY
501,2025-03-09 17:25:26,0,DRY
502,2025-03-09 17:25:27,0,DRY
503,2025-03-09 17:25:28,0,DRY
504,2025-03-09 17:25:29,0,DRY
505,2025-03-09 17:25:30,0,DRY
506,2025-03-09 17:25:31,0,DRY
507,2025-03-09 17:25:32,0,DRY
508,2025-03-09 17:25:33,0,DRY
509,2025-03-09 17:25:34,0,DRY
510,2025-03-09 17:25:35,0,DRY
511,2025-03-09 17:25:36,0,DRY
512,2025-03-09 17:25:37,0,DRY
513,2025-03-09 17:25:38,0,DRY
514,2025-03-09 17:25:39,0,DRY
515,2025-03-09 17:25:40,0,DRY
516,2025-03-09 17:25:41,0,DRY
517,2025-03-09 17:25:42,0,DRY
518,2025-03-09 17:25:43,0,DRY
519,2025-03-09 17:25:44,0,DRY
520,2025-03-09 17:25:45,0,DRY
521,2025-03-09 17:25:46,0,DRY
522,2025-03-09 17:25:47,0,DRY
523,2025-03-09 17:25:48,0,DRY
524,2025-03-09 17:25:49,0,DRY
525,2025-03-09 17:25:50,0,DRY
526,2025-03-09 17:25:51,0,DRY
527,2025-03-09 17:25:52,0,DRY
528,2025-03-09 17:25:53,0,DRY
529,2025-03-09 17:25:54,0,DRY
530,2025-03-09 17:25:55,0,DRY
531,2025-03-09 17:25:56,0,DRY
532,2025-03-09 17:25:57,0,DRY
533,2025-03-09 17:25:59,0,DRY
534,2025-03-09 17:26:00,0,DRY
535,2025-03-09 17:26:01,0,DRY
536,2025-03-09 17:26:02,0,DRY
537,2025-03-09 17:26:03,0,DRY
538,2025-03-09 17:26:04,0,DRY
539,2025-03-09 17:26:05,0,DRY
540,2025-03-09 17:26:06,0,DRY
541,2025-03-09 17:26:07,0,DRY
542,2025-03-09 17:26:08,0,DRY
543,2025-03-09 17:26:09,0,DRY
544,2025-03-09 17:26:10,0,DRY
545,2025-03-09 17:26:11,0,DRY
546,2025-03-09 17:26:12,0,DRY
547,2025-03-09 17:26:13,0,DRY
548,2025-03-09 17:26:14,0,DRY
549,2025-03-09 17:26:15,0,DRY
550,2025-03-09 17:26:16,0,DRY
551,2025-03-09 17:26:17,0,DRY
552,2025-03-09 17:26:18,0,DRY
553,2025-03-09 17:26:19,0,DRY
554,2025-03-09 17:26:20,0,DRY
555,2025-03-09 17:26:21,0,DRY
556,2025-03-09 17:26:22,0,DRY
557,2025-03-09 17:26:23,0,DRY
558,2025-03-09 17:26:24,0,DRY
559,2025-03-09 17:26:25,0,DRY
560,2025-03-09 17:26:26,0,DRY
561,2025-03-09 17:26:27,0,DRY
562,2025-03-09 17:26:28,0,DRY
563,2025-03-09 17:26:29,0,DRY
564,2025-03-09 17:26:30,0,DRY
565,2025-03-09 17:26:31,0,DRY
566,2025-03-09 17:26:32,0,DRY
567,2025-03-09 17:26:33,0,DRY
568,2025-03-09 17:26:34,0,DRY
569,2025-03-09 17:26:35,0,DRY
570,2025-03-09 17:26:36,0,DRY
571,2025-03-09 17:26:37,0,DRY
572,2025-03-09 17:26:38,0,DRY
573,2025-03-09 17:26:39,0,DRY
574,2025-03-09 17:26:40,0,DRY
575,2025-03-09 17:26:41,0,DRY
576,2025-03-09 17:26:42,0,DRY
577,2025-03-09 17:26:44,0,DRY
578,2025-03-09 17:26:45,0,DRY
579,2025-03-09 17:26:46,0,DRY
580,2025-03-09 17:26:47,0,DRY
581,2025-03-09 17:26:48,0,DRY
582,2025-03-09 17:26:49,0,DRY
583,2025-03-09 17:26:50,0,DRY
584,2025-03-09 17:26:51,0,DRY
585,2025-03-09 17:26:52,0,DRY
586,2025-03-09 17:26:53,0,DRY
587,2025-03-09 17:26:54,0,DRY
588,2025-03-09 17:26:55,0,DRY
589,2025-03-09 17:26:56,0,DRY
590,2025-03-09 17:26:57,0,DRY
591,2025-03-09 17:26:58,0,DRY
592,2025-03-09 17:26:59,0,DRY
593,2025-03-09 17:27:00,0,DRY
594,2025-03-09 17:27:01,0,DRY
595,2025-03-09 17:27:02,0,DRY
596,2025-03-09 17:27:03,0,DRY
597,2025-03-09 17:27:04,0,DRY
598,2025-03-09 17:27:05,0,DRY
599,2025-03-09 17:27:06,0,DRY
600,2025-03-09 17:27:07,0,DRY
601,2025-03-09 17:27:08,0,DRY
602,2025-03-09 17:27:09,0,DRY
603,2025-03-09 17:27:10,0,DRY
604,2025-03-09 17:27:11,0,DRY
605,2025-03-09 17:27:12,0,DRY
606,2025-03-09 17:27:13,0,DRY
607,2025-03-09 17:27:14,0,DRY
608,2025-03-09 17:27:15,0,DRY
609,2025-03-09 17:27:16,0,DRY
610,2025-03-09 17:27:17,0,DRY
611,2025-03-09 17:27:18,0,DRY
612,2025-03-09 17:27:19,0,DRY
613,2025-03-09 17:27:20,0,DRY
614,2025-03-09 17:27:21,0,DRY
615,2025-03-09 17:27:22,0,DRY
616,2025-03-09 17:27:23,0,DRY
617,2025-03-09 17:27:24,0,DRY
618,2025-03-09 17:27:25,0,DRY
619,2025-03-09 17:27:26,0,DRY
620,2025-03-09 17:27:28,0,DRY
621,2025-03-09 17:27:29,0,DRY
622,2025-03-09 17:27:30,0,DRY
623,2025-03-09 17:27:31,0,DRY
624,2025-03-09 17:27:32,0,DRY
625,2025-03-09 17:27:33,0,DRY
626,2025-03-09 17:27:34,0,DRY
627,2025-03-09 17:27:35,0,DRY
628,2025-03-09 17:27:36,0,DRY
629,2025-03-09 17:27:37,0,DRY
630,2025-03-09 17:27:38,0,DRY
631,2025-03-09 17:27:39,0,DRY
632,2025-03-09 17:27:40,0,DRY
633,2025-03-09 17:27:41,0,DRY
634,2025-03-09 17:27:42,0,DRY
635,2025-03-09 17:27:43,0,DRY
636,2025-03-09 17:27:44,0,DRY
637,2025-03-09 17:27:45,0,DRY
638,2025-03-09 17:27:46,0,DRY
639,2025-03-09 17:27:47,0,DRY
640,2025-03-09 17:27:48,0,DRY
641,2025-03-09 17:27:49,0,DRY
642,2025-03-09 17:27:50,0,DRY
643,2025-03-09 17:27:51,0,DRY
644,2025-03-09 17:27:52,0,DRY
645,2025-03-09 17:27:53,0,DRY
646,2025-03-09 17:27:54,0,DRY
647,2025-03-09 17:27:55,0,DRY
648,2025-03-09 17:27:56,0,DRY
649,2025-03-09 17:27:57,0,DRY
650,2025-03-09 17:27:58,0,DRY
651,2025-03-09 17:27:59,0,DRY
652,2025-03-09 17:28:00,0,DRY
653,2025-03-09 17:28:01,0,DRY
654,2025-03-09 17:28:02,0,DRY
655,2025-03-09 17:28:03,0,DRY
656,2025-03-09 17:28:04,0,DRY
657,2025-03-09 17:28:05,0,DRY
658,2025-03-09 17:28:06,0,DRY
659,2025-03-09 17:28:07,0,DRY
660,2025-03-09 17:28:08,0,DRY
661,2025-03-09 17:28:09,0,DRY
662,2025-03-09 17:28:10,0,DRY
663,2025-03-09 17:28:11,0,DRY
664,2025-03-09 17:28:13,0,DRY
665,2025-03-09 17:28:14,0,DRY
666,2025-03-09 17:28:15,0,DRY
667,2025-03-09 17:28:16,0,DRY
668,2025-03-09 17:28:17,0,DRY
669,2025-03-09 17:28:18,0,DRY
670,2025-03-09 17:28:19,0,DRY
671,2025-03-09 17:28:20,0,DRY
672,2025-03-09 17:28:21,0,DRY
673,2025-03-09 17:28:22,0,DRY
674,2025-03-09 17:28:23,0,DRY
675,2025-03-09 17:28:24,0,DRY
676,2025-03-09 17:28:25,0,DRY
677,2025-03-09 17:28:26,0,DRY
678,2025-03-09 17:28:27,0,DRY
679,2025-03-09 17:28:28,0,DRY
680,2025-03-09 17:28:29,0,DRY
681,2025-03-09 17:28:30,0,DRY
682,2025-03-09 17:28:31,0,DRY
683,2025-03-09 17:28:32,0,DRY
684,2025-03-09 17:28:33,0,DRY
685,2025-03-09 17:28:34,0,DRY
686,2025-03-09 17:28:35,0,DRY
687,2025-03-09 17:28:36,0,DRY
688,2025-03-09 17:28:37,0,DRY
689,2025-03-09 17:28:38,0,DRY
690,2025-03-09 17:28:39,0,DRY
691,2025-03-09 17:28:40,0,DRY
692,2025-03-09 17:28:41,0,DRY
693,2025-03-09 17:28:42,0,DRY
694,2025-03-09 17:28:43,0,DRY
695,2025-03-09 17:28:44,0,DRY
696,2025-03-09 17:28:45,0,DRY
697,2025-03-09 17:28:46,0,DRY
698,2025-03-09 17:28:47,0,DRY
699,2025-03-09 17:28:48,0,DRY
700,2025-03-09 17:28:49,0,DRY
701,2025-03-09 17:28:50,0,DRY
702,2025-03-09 17:28:51,0,DRY
703,2025-03-09 17:28:52,0,DRY
704,2025-03-09 17:28:53,0,DRY
705,2025-03-09 17:28:54,0,DRY
706,2025-03-09 17:28:56,0,DRY
707,2025-03-09 17:28:57,0,DRY
708,2025-03-09 17:28:58,0,DRY
709,2025-03-09 17:28:59,0,DRY
710,2025-03-09 17:29:00,0,DRY
711,2025-03-09 17:29:01,0,DRY
712,2025-03-09 17:29:02,0,DRY
713,2025-03-09 17:29:03,0,DRY
714,2025-03-09 17:29:04,0,DRY
715,2025-03-09 17:29:05,0,DRY
716,2025-03-09 17:29:06,0,DRY
717,2025-03-09 17:29:07,0,DRY
718,2025-03-09 17:29:08,0,DRY
719,2025-03-09 17:29:09,0,DRY
720,2025-03-09 17:29:10,0,DRY
721,2025-03-09 17:29:11,0,DRY
722,2025-03-09 17:29:12,0,DRY
723,2025-03-09 17:29:13,0,DRY
724,2025-03-09 17:29:14,0,DRY
725,2025-03-09 17:29:15,0,DRY
726,2025-03-09 17:29:16,0,DRY
727,2025-03-09 17:29:17,0,DRY
728,2025-03-09 17:29:18,0,DRY
729,2025-03-09 17:29:19,0,DRY
730,2025-03-09 17:29:20,0,DRY
731,2025-03-09 17:29:21,0,DRY
732,2025-03-09 17:29:22,0,DRY
733,2025-03-09 17:29:23,0,DRY
734,2025-03-09 17:29:24,0,DRY
735,2025-03-09 17:29:25,0,DRY
736,2025-03-09 17:29:26,0,DRY
737,2025-03-09 17:29:27,0,DRY
738,2025-03-09 17:29:28,0,DRY
739,2025-03-09 17:29:29,0,DRY
740,2025-03-09 17:29:30,0,DRY
741,2025-03-09 17:29:31,0,DRY
742,2025-03-09 17:29:32,0,DRY
743,2025-03-09 17:29:33,0,DRY
744,2025-03-09 17:29:34,0,DRY
745,2025-03-09 17:29:35,0,DRY
746,2025-03-09 17:29:36,0,DRY
747,2025-03-09 17:29:38,0,DRY
748,2025-03-09 17:29:39,0,DRY
749,2025-03-09 17:29:40,0,DRY
750,2025-03-09 17:29:41,0,DRY
751,2025-03-09 17:29:42,0,DRY
752,2025-03-09 17:29:43,0,DRY
753,2025-03-09 17:29:44,0,DRY
754,2025-03-09 17:29:45,0,DRY
755,2025-03-09 17:29:46,0,DRY
756,2025-03-09 17:29:47,0,DRY
757,2025-03-09 17:29:48,0,DRY
758,2025-03-09 17:29:49,0,DRY
759,2025-03-09 17:29:50,0,DRY
760,2025-03-09 17:29:51,0,DRY
761,2025-03-09 17:29:52,0,DRY
762,2025-03-09 17:29:53,0,DRY
763,2025-03-09 17:29:54,0,DRY
764,2025-03-09 17:29:55,0,DRY
765,2025-03-09 17:29:56,0,DRY
766,2025-03-09 17:29:57,0,DRY
767,2025-03-09 17:29:58,0,DRY
768,2025-03-09 17:29:59,0,DRY
769,2025-03-09 17:30:00,0,DRY
770,2025-03-09 17:30:01,0,DRY
771,2025-03-09 17:30:02,0,DRY
772,2025-03-09 17:30:03,0,DRY
773,2025-03-09 17:30:04,0,DRY
774,2025-03-09 17:30:05,0,DRY
775,2025-03-09 17:30:06,0,DRY
776,2025-03-09 17:30:07,0,DRY
777,2025-03-09 17:30:08,0,DRY
778,2025-03-09 17:30:09,0,DRY
779,2025-03-09 17:30:10,0,DRY
780,2025-03-09 17:30:11,0,DRY
781,2025-03-09 17:30:12,0,DRY
782,2025-03-09 17:30:13,0,DRY
783,2025-03-09 17:30:14,0,DRY
784,2025-03-09 17:30:15,0,DRY
785,2025-03-09 17:30:16,0,DRY
786,2025-03-09 17:30:17,0,DRY
787,2025-03-09 17:30:19,0,DRY
788,2025-03-09 17:30:20,0,DRY
789,2025-03-09 17:30:21,0,DRY
790,2025-03-09 17:30:22,0,DRY
791,2025-03-09 17:30:23,0,DRY
792,2025-03-09 17:30:24,0,DRY
793,2025-03-09 17:30:25,0,DRY
794,2025-03-09 17:30:26,0,DRY
795,2025-03-09 17:30:27,0,DRY
796,2025-03-09 17:30:28,0,DRY
797,2025-03-09 17:30:29,0,DRY
798,2025-03-09 17:30:30,0,DRY
799,2025-03-09 17:30:31,0,DRY
800,2025-03-09 17:30:32,0,DRY
801,2025-03-09 17:30:33,0,DRY
802,2025-03-09 17:30:34,0,DRY
803,2025-03-09 17:30:35,0,DRY
804,2025-03-09 17:30:36,0,DRY
805,2025-03-09 17:30:37,0,DRY
806,2025-03-09 17:30:38,0,DRY
807,2025-03-09 17:30:39,0,DRY
808,2025-03-09 17:30:40,0,DRY
809,2025-03-09 17:30:41,0,DRY
810,2025-03-09 17:30:42,0,DRY
811,2025-03-09 17:30:43,0,DRY
812,2025-03-09 17:30:44,0,DRY
813,2025-03-09 17:30:45,0,DRY
814,2025-03-09 17:30:46,0,DRY
815,2025-03-09 17:30:47,0,DRY
816,2025-03-09 17:30:48,0,DRY
817,2025-03-09 17:30:49,0,DRY
818,2025-03-09 17:30:50,0,DRY
819,2025-03-09 17:30:51,0,DRY
820,2025-03-09 17:30:52,0,DRY
821,2025-03-09 17:30:53,0,DRY
822,2025-03-09 17:30:54,0,DRY
823,2025-03-09 17:30:55,0,DRY
824,2025-03-09 17:30:56,0,DRY
825,2025-03-09 17:30:57,0,DRY
826,2025-03-09 17:30:58,0,DRY
827,2025-03-09 17:30:59,0,DRY
828,2025-03-09 17:31:00,0,DRY
829,2025-03-09 17:31:01,0,DRY
830,2025-03-09 17:31:03,0,DRY
831,2025-03-09 17:31:04,0,DRY
832,2025-03-09 17:31:05,0,DRY
833,2025-03-09 17:31:06,0,DRY
834,2025-03-09 17:31:07,0,DRY
835,2025-03-09 17:31:08,0,DRY
836,2025-03-09 17:31:09,0,DRY
837,2025-03-09 17:31:10,0,DRY
838,2025-03-09 17:31:11,0,DRY
839,2025-03-09 17:31:12,0,DRY
840,2025-03-09 17:31:13,0,DRY
841,2025-03-09 17:31:14,0,DRY
842,2025-03-09 17:31:15,0,DRY
843,2025-03-09 17:31:16,0,DRY
844,2025-03-09 17:31:17,0,DRY
845,2025-03-09 17:31:18,0,DRY
846,2025-03-09 17:31:19,0,DRY
847,2025-03-09 17:31:20,0,DRY
848,2025-03-09 17:31:21,0,DRY
849,2025-03-09 17:31:22,0,DRY
850,2025-03-09 17:31:23,0,DRY
851,2025-03-09 17:31:24,0,DRY
852,2025-03-09 17:31:25,0,DRY
853,2025-03-09 17:31:26,0,DRY
854,2025-03-09 17:31:27,0,DRY
855,2025-03-09 17:31:28,0,DRY
856,2025-03-09 17:31:29,0,DRY
857,2025-03-09 17:31:30,0,DRY
858,2025-03-09 17:31:31,0,DRY
859,2025-03-09 17:31:32,0,DRY
860,2025-03-09 17:31:33,0,DRY
861,2025-03-09 17:31:34,0,DRY
862,2025-03-09 17:31:35,0,DRY
863,2025-03-09 17:31:36,0,DRY
864,2025-03-09 17:31:37,0,DRY
865,2025-03-09 17:31:38,0,DRY
866,2025-03-09 17:31:39,0,DRY
867,2025-03-09 17:31:40,0,DRY
868,2025-03-09 17:31:41,0,DRY
869,2025-03-09 17:31:42,0,DRY
870,2025-03-09 17:31:43,0,DRY
871,2025-03-09 17:31:44,0,DRY
872,2025-03-09 17:31:45,0,DRY
873,2025-03-09 17:31:47,0,DRY
874,2025-03-09 17:31:48,0,DRY
875,2025-03-09 17:31:49,0,DRY
876,2025-03-09 17:31:50,0,DRY
877,2025-03-09 17:31:51,0,DRY
878,2025-03-09 17:31:52,0,DRY
879,2025-03-09 17:31:53,0,DRY
880,2025-03-09 17:31:54,0,DRY
881,2025-03-09 17:31:55,0,DRY
882,2025-03-09 17:31:56,0,DRY
883,2025-03-09 17:31:57,0,DRY
884,2025-03-09 17:31:58,0,DRY
885,2025-03-09 17:31:59,0,DRY
886,2025-03-09 17:32:00,0,DRY
887,2025-03-09 17:32:01,0,DRY
888,2025-03-09 17:32:02,0,DRY
889,2025-03-09 17:32:03,0,DRY
890,2025-03-09 17:32:04,0,DRY
891,2025-03-09 17:32:05,0,DRY
892,2025-03-09 17:32:06,0,DRY
893,2025-03-09 17:32:07,0,DRY
894,2025-03-09 17:32:08,0,DRY
895,2025-03-09 17:32:09,0,DRY
896,2025-03-09 17:32:10,0,DRY
897,2025-03-09 17:32:11,0,DRY
898,2025-03-09 17:32:12,0,DRY
899,2025-03-09 17:32:13,0,DRY
900,2025-03-09 17:32:14,0,DRY
901,2025-03-09 17:32:15,0,DRY
902,2025-03-09 17:32:16,0,DRY
903,2025-03-09 17:32:17,0,DRY
904,2025-03-09 17:32:18,0,DRY
905,2025-03-09 17:32:19,0,DRY
906,2025-03-09 17:32:20,0,DRY
907,2025-03-09 17:32:21,0,DRY
908,2025-03-09 17:32:22,0,DRY
909,2025-03-09 17:32:23,0,DRY
910,2025-03-09 17:32:24,0,DRY
911,2025-03-09 17:32:25,0,DRY
912,2025-03-09 17:32:26,0,DRY
913,2025-03-09 17:32:27,0,DRY
914,2025-03-09 17:32:28,0,DRY
915,2025-03-09 17:32:29,0,DRY
916,2025-03-09 17:32:31,0,DRY
917,2025-03-09 17:32:32,0,DRY
918,2025-03-09 17:32:33,0,DRY
919,2025-03-09 17:32:34,0,DRY
920,2025-03-09 17:32:35,0,DRY
921,2025-03-09 17:32:36,0,DRY
922,2025-03-09 17:32:37,0,DRY
923,2025-03-09 17:32:38,0,DRY
924,2025-03-09 17:32:39,0,DRY
925,2025-03-09 17:32:40,0,DRY
926,2025-03-09 17:32:41,0,DRY
927,2025-03-09 17:32:42,0,DRY
928,2025-03-09 17:32:43,0,DRY
929,2025-03-09 17:32:44,0,DRY
930,2025-03-09 17:32:45,0,DRY
931,2025-03-09 17:32:46,0,DRY
932,2025-03-09 17:32:47,0,DRY
933,2025-03-09 17:32:48,0,DRY
934,2025-03-09 17:32:49,0,DRY
935,2025-03-09 17:32:50,0,DRY
936,2025-03-09 17:32:51,0,DRY
937,2025-03-09 17:32:52,0,DRY
938,2025-03-09 17:32:53,0,DRY
939,2025-03-09 17:32:54,0,DRY
940,2025-03-09 17:32:55,0,DRY
941,2025-03-09 17:32:56,0,DRY
942,2025-03-09 17:32:57,0,DRY
943,2025-03-09 17:32:58,0,DRY
944,2025-03-09 17:32:59,0,DRY
945,2025-03-09 17:33:00,0,DRY
946,2025-03-09 17:33:01,0,DRY
947,2025-03-09 17:33:02,0,DRY
948,2025-03-09 17:33:03,0,DRY
949,2025-03-09 17:33:04,0,DRY
950,2025-03-09 17:33:05,0,DRY
951,2025-03-09 17:33:06,0,DRY
952,2025-03-09 17:33:07,0,DRY
953,2025-03-09 17:33:08,0,DRY
954,2025-03-09 17:33:09,0,DRY
955,2025-03-09 17:33:10,0,DRY
956,2025-03-09 17:33:11,0,DRY
957,2025-03-09 17:33:12,0,DRY
958,2025-03-09 17:33:13,0,DRY
959,2025-03-09 17:33:14,0,DRY
960,2025-03-09 17:33:16,0,DRY
961,2025-03-09 17:33:17,0,DRY
962,2025-03-09 17:33:18,0,DRY
963,2025-03-09 17:33:19,0,DRY
964,2025-03-09 17:33:20,0,DRY
965,2025-03-09 17:33:21,0,DRY
966,2025-03-09 17:33:22,0,DRY
967,2025-03-09 17:33:23,0,DRY
968,2025-03-09 17:33:24,0,DRY
969,2025-03-09 17:33:25,0,DRY
970,2025-03-09 17:33:26,0,DRY
971,2025-03-09 17:33:27,0,DRY
972,2025-03-09 17:33:28,0,DRY
973,2025-03-09 17:33:29,0,DRY
974,2025-03-09 17:33:30,0,DRY
975,2025-03-09 17:33:31,0,DRY
976,2025-03-09 17:33:32,0,DRY
977,2025-03-09 17:33:33,0,DRY
978,2025-03-09 17:33:34,0,DRY
979,2025-03-09 17:33:35,0,DRY
980,2025-03-09 17:33:36,0,DRY
981,2025-03-09 17:33:37,0,DRY
982,2025-03-09 17:33:38,0,DRY
983,2025-03-09 17:33:39,0,DRY
984,2025-03-09 17:33:40,0,DRY
985,2025-03-09 17:33:41,0,DRY
986,2025-03-09 17:33:42,0,DRY
987,2025-03-09 17:33:43,0,DRY
988,2025-03-09 17:33:44,0,DRY
989,2025-03-09 17:33:45,0,DRY
990,2025-03-09 17:33:46,0,DRY
991,2025-03-09 17:33:47,0,DRY
992,2025-03-09 17:33:48,0,DRY
993,2025-03-09 17:33:49,0,DRY
994,2025-03-09 17:33:50,0,DRY
995,2025-03-09 17:33:51,0,DRY
996,2025-03-09 17:33:52,0,DRY
997,2025-03-09 17:33:53,0,DRY
998,2025-03-09 17:33:54,0,DRY
999,2025-03-09 17:33:55,0,DRY
1000,2025-03-09 17:33:56,0,DRY
1001,2025-03-09 17:33:57,0,DRY
1002,2025-03-09 17:33:58,0,DRY
1003,2025-03-09 17:34:00,0,DRY
1004,2025-03-09 17:34:01,0,DRY
1005,2025-03-09 17:34:02,0,DRY
1006,2025-03-09 17:34:03,0,DRY
1007,2025-03-09 17:34:04,0,DRY
1008,2025-03-09 17:34:05,0,DRY
1009,2025-03-09 17:34:06,0,DRY
1010,2025-03-09 17:34:07,0,DRY
1011,2025-03-09 17:34:08,0,DRY
1012,2025-03-09 17:34:09,0,DRY
1013,2025-03-09 17:34:10,0,DRY
1014,2025-03-09 17:34:11,0,DRY
1015,2025-03-09 17:34:12,0,DRY
1016,2025-03-09 17:34:13,0,DRY
1017,2025-03-09 17:34:14,0,DRY
1018,2025-03-09 17:34:15,0,DRY
1019,2025-03-09 17:34:16,0,DRY
1020,2025-03-09 17:34:17,0,DRY
1021,2025-03-09 17:34:18,0,DRY
1022,2025-03-09 17:34:19,0,DRY
1023,2025-03-09 17:34:20,0,DRY
1024,2025-03-09 17:34:21,0,DRY
1025,2025-03-09 17:34:22,0,DRY
1026,2025-03-09 17:34:23,0,DRY
1027,2025-03-09 17:34:24,0,DRY
1028,2025-03-09 17:34:25,0,DRY
1029,2025-03-09 17:34:26,0,DRY
1030,2025-03-09 17:34:27,0,DRY
1031,2025-03-09 17:34:28,0,DRY
1032,2025-03-09 17:34:29,0,DRY
1033,2025-03-09 17:34:30,0,DRY
1034,2025-03-09 17:34:31,0,DRY
1035,2025-03-09 17:34:32,0,DRY
1036,2025-03-09 17:34:33,0,DRY
1037,2025-03-09 17:34:34,0,DRY
1038,2025-03-09 17:34:35,0,DRY
1039,2025-03-09 17:34:36,0,DRY
1040,2025-03-09 17:34:37,0,DRY
1041,2025-03-09 17:34:38,0,DRY
1042,2025-03-09 17:34:39,0,DRY
1043,2025-03-09 17:34:40,0,DRY
1044,2025-03-09 17:34:41,0,DRY
1045,2025-03-09 17:34:42,0,DRY
1046,2025-03-09 17:34:43,0,DRY
1047,2025-03-09 17:34:45,0,DRY
1048,2025-03-09 17:34:46,0,DRY
1049,2025-03-09 17:34:47,0,DRY
1050,2025-03-09 17:34:48,0,DRY
1051,2025-03-09 17:34:49,0,DRY
1052,2025-03-09 17:34:50,0,DRY
1053,2025-03-09 17:34:51,0,DRY
1054,2025-03-09 17:34:52,0,DRY
1055,2025-03-09 17:34:53,0,DRY
1056,2025-03-09 17:34:54,0,DRY
1057,2025-03-09 17:34:55,0,DRY
1058,2025-03-09 17:34:56,0,DRY
1059,2025-03-09 17:34:57,0,DRY
1060,2025-03-09 17:34:58,0,DRY
1061,2025-03-09 17:34:59,0,DRY
1062,2025-03-09 17:35:00,0,DRY
1063,2025-03-09 17:35:01,0,DRY
1064,2025-03-09 17:35:02,0,DRY
1065,2025-03-09 17:35:03,0,DRY
1066,2025-03-09 17:35:04,0,DRY
1067,2025-03-09 17:35:05,0,DRY
1068,2025-03-09 17:35:06,0,DRY
1069,2025-03-09 17:35:07,0,DRY
1070,2025-03-09 17:35:08,0,DRY
1071,2025-03-09 17:35:09,0,DRY
1072,2025-03-09 17:35:10,0,DRY
1073,2025-03-09 17:35:11,0,DRY
1074,2025-03-09 17:35:12,0,DRY
1075,2025-03-09 17:35:13,0,DRY
1076,2025-03-09 17:35:14,0,DRY
1077,2025-03-09 17:35:15,0,DRY
1078,2025-03-09 17:35:16,0,DRY
1079,2025-03-09 17:35:17,0,DRY
1080,2025-03-09 17:35:18,0,DRY
1081,2025-03-09 17:35:19,0,DRY
1082,2025-03-09 17:35:20,0,DRY
1083,2025-03-09 17:35:21,0,DRY
1084,2025-03-09 17:35:22,0,DRY
1085,2025-03-09 17:35:23,0,DRY
1086,2025-03-09 17:35:24,0,DRY
1087,2025-03-09 17:35:25,0,DRY
1088,2025-03-09 17:35:26,0,DRY
1089,2025-03-09 17:35:27,0,DRY
1090,2025-03-09 17:35:29,0,DRY
1091,2025-03-09 17:35:30,0,DRY
1092,2025-03-09 17:35:31,0,DRY
1093,2025-03-09 17:35:32,0,DRY
1094,2025-03-09 17:35:33,0,DRY
1095,2025-03-09 17:35:34,0,DRY
1096,2025-03-09 17:35:35,0,DRY
1097,2025-03-09 17:35:36,0,DRY
1098,2025-03-09 17:35:37,0,DRY
1099,2025-03-09 17:35:38,0,DRY
1100,2025-03-09 17:35:39,0,DRY
1101,2025-03-09 17:35:40,0,DRY
1102,2025-03-09 17:35:41,0,DRY
1103,2025-03-09 17:35:42,0,DRY
1104,2025-03-09 17:35:43,0,DRY
1105,2025-03-09 17:35:44,0,DRY
1106,2025-03-09 17:35:45,0,DRY
1107,2025-03-09 17:35:46,0,DRY
1108,2025-03-09 17:35:47,0,DRY
1109,2025-03-09 17:35:48,0,DRY
1110,2025-03-09 17:35:49,0,DRY
1111,2025-03-09 17:35:50,0,DRY
1112,2025-03-09 17:35:51,0,DRY
1113,2025-03-09 17:35:52,0,DRY
1114,2025-03-09 17:35:53,0,DRY
1115,2025-03-09 17:35:54,0,DRY
1116,2025-03-09 17:35:55,0,DRY
1117,2025-03-09 17:35:56,0,DRY
1118,2025-03-09 17:35:57,0,DRY
1119,2025-03-09 17:35:58,0,DRY
1120,2025-03-09 17:35:59,0,DRY
1121,2025-03-09 17:36:00,0,DRY
1122,2025-03-09 17:36:01,0,DRY
1123,2025-03-09 17:36:02,0,DRY
1124,2025-03-09 17:36:03,0,DRY
1125,2025-03-09 17:36:04,0,DRY
1126,2025-03-09 17:36:05,0,DRY
1127,2025-03-09 17:36:06,0,DRY
1128,2025-03-09 17:36:07,0,DRY
1129,2025-03-09 17:36:08,0,DRY
1130,2025-03-09 17:36:09,0,DRY
1131,2025-03-09 17:36:10,0,DRY
1132,2025-03-09 17:36:11,0,DRY
1133,2025-03-09 17:36:12,0,DRY
1134,2025-03-09 17:36:14,0,DRY
1135,2025-03-09 17:36:15,0,DRY
1136,2025-03-09 17:36:16,0,DRY
1137,2025-03-09 17:36:17,0,DRY
1138,2025-03-09 17:36:18,0,DRY
1139,2025-03-09 17:36:19,0,DRY
1140,2025-03-09 17:36:20,0,DRY
1141,2025-03-09 17:36:21,0,DRY
1142,2025-03-09 17:36:22,0,DRY
1143,2025-03-09 17:36:23,0,DRY
1144,2025-03-09 17:36:24,0,DRY
1145,2025-03-09 17:36:25,0,DRY
1146,2025-03-09 17:36:26,0,DRY
1147,2025-03-09 17:36:27,0,DRY
1148,2025-03-09 17:36:28,0,DRY
1149,2025-03-09 17:36:29,0,DRY
1150,2025-03-09 17:36:30,0,DRY
1151,2025-03-09 17:36:31,0,DRY
1152,2025-03-09 17:36:32,0,DRY
1153,2025-03-09 17:36:33,0,DRY
1154,2025-03-09 17:36:34,0,DRY
1155,2025-03-09 17:36:35,0,DRY
1156,2025-03-09 17:36:36,0,DRY
1157,2025-03-09 17:36:37,0,DRY
1158,2025-03-09 17:36:38,0,DRY
1159,2025-03-09 17:36:39,0,DRY
1160,2025-03-09 17:36:40,0,DRY
1161,2025-03-09 17:36:41,0,DRY
1162,2025-03-09 17:36:42,0,DRY
1163,2025-03-09 17:36:43,0,DRY
1164,2025-03-09 17:36:44,0,DRY
1165,2025-03-09 17:36:45,0,DRY
1166,2025-03-09 17:36:46,0,DRY
1167,2025-03-09 17:36:47,0,DRY
1168,2025-03-09 17:36:48,0,DRY
1169,2025-03-09 17:36:49,0,DRY
1170,2025-03-09 17:36:50,0,DRY
1171,2025-03-09 17:36:51,0,DRY
1172,2025-03-09 17:36:52,0,DRY
1173,2025-03-09 17:36:53,0,DRY
1174,2025-03-09 17:36:54,0,DRY
1175,2025-03-09 17:36:55,0,DRY
1176,2025-03-09 17:36:56,0,DRY
1177,2025-03-09 17:36:58,0,DRY
1178,2025-03-09 17:36:59,0,DRY
1179,2025-03-09 17:37:00,0,DRY
1180,2025-03-09 17:37:01,0,DRY
1181,2025-03-09 17:37:02,0,DRY
1182,2025-03-09 17:37:03,0,DRY
1183,2025-03-09 17:37:04,0,DRY
1184,2025-03-09 17:37:05,0,DRY
1185,2025-03-09 17:37:06,0,DRY
1186,2025-03-09 17:37:07,0,DRY
1187,2025-03-09 17:37:08,0,DRY
1188,2025-03-09 17:37:09,0,DRY
1189,2025-03-09 17:37:10,0,DRY
1190,2025-03-09 17:37:11,0,DRY
1191,2025-03-09 17:37:12,0,DRY
1192,2025-03-09 17:37:13,0,DRY
1193,2025-03-09 17:37:14,0,DRY
1194,2025-03-09 17:37:15,0,DRY
1195,2025-03-09 17:37:16,0,DRY
1196,2025-03-09 17:37:17,0,DRY
1197,2025-03-09 17:37:18,0,DRY
1198,2025-03-09 17:37:19,0,DRY
1199,2025-03-09 17:37:20,0,DRY
1200,2025-03-09 17:37:21,0,DRY
1201,2025-03-09 17:37:22,0,DRY
1202,2025-03-09 17:37:23,0,DRY
1203,2025-03-09 17:37:24,0,DRY
1204,2025-03-09 17:37:25,0,DRY
1205,2025-03-09 17:37:26,0,DRY
1206,2025-03-09 17:37:27,0,DRY
1207,2025-03-09 17:37:28,0,DRY
1208,2025-03-09 17:37:29,0,DRY
1209,2025-03-09 17:37:30,0,DRY
1210,2025-03-09 17:37:31,0,DRY
1211,2025-03-09 17:37:32,0,DRY
1212,2025-03-09 17:37:33,0,DRY
1213,2025-03-09 17:37:34,0,DRY
1214,2025-03-09 17:37:35,0,DRY
1215,2025-03-09 17:37:36,0,DRY
1216,2025-03-09 17:37:37,0,DRY
1217,2025-03-09 17:37:38,0,DRY
1218,2025-03-09 17:37:39,0,DRY
1219,2025-03-09 17:37:40,0,DRY
1220,2025-03-09 17:37:41,0,DRY
1221,2025-03-09 17:37:43,0,DRY
1222,2025-03-09 17:37:44,0,DRY
1223,2025-03-09 17:37:45,0,DRY
1224,2025-03-09 17:37:46,0,DRY
1225,2025-03-09 17:37:47,0,DRY
1226,2025-03-09 17:37:48,0,DRY
1227,2025-03-09 17:37:49,0,DRY
1228,2025-03-09 17:37:50,0,DRY
1229,2025-03-09 17:37:51,0,DRY
1230,2025-03-09 17:37:52,0,DRY
1231,2025-03-09 17:37:53,0,DRY
1232,2025-03-09 17:37:54,0,DRY
1233,2025-03-09 17:37:55,0,DRY
1234,2025-03-09 17:37:56,0,DRY
1235,2025-03-09 17:37:57,0,DRY
1236,2025-03-09 17:37:58,0,DRY
1237,2025-03-09 17:37:59,0,DRY
1238,2025-03-09 17:38:00,0,DRY
1239,2025-03-09 17:38:01,0,DRY
1240,2025-03-09 17:38:02,0,DRY
1241,2025-03-09 17:38:03,0,DRY
1242,2025-03-09 17:38:04,0,DRY
1243,2025-03-09 17:38:05,0,DRY
1244,2025-03-09 17:38:06,0,DRY
1245,2025-03-09 17:38:07,0,DRY
1246,2025-03-09 17:38:08,0,DRY
1247,2025-03-09 17:38:09,0,DRY
1248,2025-03-09 17:38:10,0,DRY
1249,2025-03-09 17:38:11,0,DRY
1250,2025-03-09 17:38:12,0,DRY
1251,2025-03-09 17:38:13,0,DRY
1252,2025-03-09 17:38:14,0,DRY
1253,2025-03-09 17:38:15,0,DRY
1254,2025-03-09 17:38:16,0,DRY
1255,2025-03-09 17:38:17,0,DRY
1256,2025-03-09 17:38:18,0,DRY
1257,2025-03-09 17:38:19,0,DRY
1258,2025-03-09 17:38:20,0,DRY
1259,2025-03-09 17:38:21,0,DRY
1260,2025-03-09 17:38:22,0,DRY
1261,2025-03-09 17:38:23,0,DRY
1262,2025-03-09 17:38:24,0,DRY
1263,2025-03-09 17:38:25,0,DRY
1264,2025-03-09 17:38:26,0,DRY
1265,2025-03-09 17:38:28,0,DRY
1266,2025-03-09 17:38:29,0,DRY
1267,2025-03-09 17:38:30,0,DRY
1268,2025-03-09 17:38:31,0,DRY
1269,2025-03-09 17:38:32,0,DRY
1270,2025-03-09 17:38:33,0,DRY
1271,2025-03-09 17:38:34,0,DRY
1272,2025-03-09 17:38:35,0,DRY
1273,2025-03-09 17:38:36,0,DRY
1274,2025-03-09 17:38:37,0,DRY
1275,2025-03-09 17:38:38,0,DRY
1276,2025-03-09 17:38:39,0,DRY
1277,2025-03-09 17:38:40,0,DRY
1278,2025-03-09 17:38:41,0,DRY
1279,2025-03-09 17:38:42,0,DRY
1280,2025-03-09 17:38:43,0,DRY
1281,2025-03-09 17:38:44,0,DRY
1282,2025-03-09 17:38:45,0,DRY
1283,2025-03-09 17:38:46,0,DRY
1284,2025-03-09 17:38:47,0,DRY
1285,2025-03-09 17:38:48,0,DRY
1286,2025-03-09 17:38:49,0,DRY
1287,2025-03-09 17:38:50,0,DRY
1288,2025-03-09 17:38:51,0,DRY
1289,2025-03-09 17:38:52,0,DRY
1290,2025-03-09 17:38:53,0,DRY
1291,2025-03-09 17:38:54,0,DRY
1292,2025-03-09 17:38:55,0,DRY
1293,2025-03-09 17:38:56,0,DRY
1294,2025-03-09 17:38:57,0,DRY
1295,2025-03-09 17:38:58,0,DRY
1296,2025-03-09 17:38:59,0,DRY
1297,2025-03-09 17:39:00,0,DRY
1298,2025-03-09 17:39:01,0,DRY
1299,2025-03-09 17:39:02,0,DRY
1300,2025-03-09 17:39:03,0,DRY
1301,2025-03-09 17:39:04,0,DRY
1302,2025-03-09 17:39:05,0,DRY
1303,2025-03-09 17:39:06,0,DRY
1304,2025-03-09 17:39:07,0,DRY
1305,2025-03-09 17:39:08,0,DRY
1306,2025-03-09 17:39:09,0,DRY
1307,2025-03-09 17:39:10,0,DRY
1308,2025-03-09 17:39:12,0,DRY
1309,2025-03-09 17:39:13,0,DRY
1310,2025-03-09 17:39:14,0,DRY
1311,2025-03-09 17:39:15,0,DRY
1312,2025-03-09 17:39:16,0,DRY
1313,2025-03-09 17:39:17,0,DRY
1314,2025-03-09 17:39:18,0,DRY
1315,2025-03-09 17:39:19,0,DRY
1316,2025-03-09 17:39:20,0,DRY
1317,2025-03-09 17:39:21,0,DRY
1318,2025-03-09 17:39:22,0,DRY
1319,2025-03-09 17:39:23,0,DRY
1320,2025-03-09 17:39:24,0,DRY
1321,2025-03-09 17:39:25,0,DRY
1322,2025-03-09 17:39:26,0,DRY
1323,2025-03-09 17:39:27,0,DRY
1324,2025-03-09 17:39:28,0,DRY
1325,2025-03-09 17:39:29,0,DRY
1326,2025-03-09 17:39:30,0,DRY
1327,2025-03-09 17:39:31,0,DRY
1328,2025-03-09 17:39:32,0,DRY
1329,2025-03-09 17:39:33,0,DRY
1330,2025-03-09 17:39:34,0,DRY
1331,2025-03-09 17:39:35,0,DRY
1332,2025-03-09 17:39:36,0,DRY
1333,2025-03-09 17:39:37,0,DRY
1334,2025-03-09 17:39:38,0,DRY
1335,2025-03-09 17:39:39,0,DRY
1336,2025-03-09 17:39:40,0,DRY
1337,2025-03-09 17:39:41,0,DRY
1338,2025-03-09 17:39:42,0,DRY
1339,2025-03-09 17:39:43,0,DRY
1340,2025-03-09 17:39:44,0,DRY
1341,2025-03-09 17:39:45,0,DRY
1342,2025-03-09 17:39:46,0,DRY
1343,2025-03-09 17:39:47,0,DRY
1344,2025-03-09 17:39:48,0,DRY
1345,2025-03-09 17:39:49,0,DRY
1346,2025-03-09 17:39:50,0,DRY
1347,2025-03-09 17:39:51,0,DRY
1348,2025-03-09 17:39:52,0,DRY
1349,2025-03-09 17:39:53,0,DRY
1350,2025-03-09 17:39:54,0,DRY
1351,2025-03-09 17:39:55,0,DRY
1352,2025-03-09 17:39:57,0,DRY
1353,2025-03-09 17:39:58,0,DRY
1354,2025-03-09 17:39:59,0,DRY
1355,2025-03-09 17:40:00,0,DRY
1356,2025-03-09 17:40:01,0,DRY
1357,2025-03-09 17:40:02,0,DRY
1358,2025-03-09 17:40:03,0,DRY
1359,2025-03-09 17:40:04,0,DRY
1360,2025-03-09 17:40:05,0,DRY
1361,2025-03-09 17:40:06,0,DRY
1362,2025-03-09 17:40:07,0,DRY
1363,2025-03-09 17:40:08,0,DRY
1364,2025-03-09 17:40:09,0,DRY
1365,2025-03-09 17:40:10,0,DRY
1366,2025-03-09 17:40:11,0,DRY
1367,2025-03-09 17:40:12,0,DRY
1368,2025-03-09 17:40:13,0,DRY
1369,2025-03-09 17:40:14,0,DRY
1370,2025-03-09 17:40:15,0,DRY
1371,2025-03-09 17:40:16,0,DRY
1372,2025-03-09 17:40:17,0,DRY
1373,2025-03-09 17:40:18,0,DRY
1374,2025-03-09 17:40:19,0,DRY
1375,2025-03-09 17:40:20,0,DRY
1376,2025-03-09 17:40:21,0,DRY
1377,2025-03-09 17:40:22,0,DRY
1378,2025-03-09 17:40:23,0,DRY
1379,2025-03-09 17:40:24,0,DRY
1380,2025-03-09 17:40:25,0,DRY
1381,2025-03-09 17:40:26,0,DRY
1382,2025-03-09 17:40:27,0,DRY
1383,2025-03-09 17:40:28,0,DRY
1384,2025-03-09 17:40:29,0,DRY
1385,2025-03-09 17:40:30,0,DRY
1386,2025-03-09 17:40:31,0,DRY
1387,2025-03-09 17:40:32,0,DRY
1388,2025-03-09 17:40:33,0,DRY
1389,2025-03-09 17:40:34,0,DRY
1390,2025-03-09 17:40:35,0,DRY
1391,2025-03-09 17:40:36,0,DRY
1392,2025-03-09 17:40:37,0,DRY
1393,2025-03-09 17:40:38,0,DRY
1394,2025-03-09 17:40:39,0,DRY
1395,2025-03-09 17:40:40,0,DRY
1396,2025-03-09 17:40:42,0,DRY
1397,2025-03-09 17:40:43,0,DRY
1398,2025-03-09 17:40:44,0,DRY
1399,2025-03-09 17:40:45,0,DRY
1400,2025-03-09 17:40:46,0,DRY
1401,2025-03-09 17:40:47,0,DRY
1402,2025-03-09 17:40:48,0,DRY
1403,2025-03-09 17:40:49,0,DRY
1404,2025-03-09 17:40:50,0,DRY
1405,2025-03-09 17:40:51,0,DRY
1406,2025-03-09 17:40:52,0,DRY
1407,2025-03-09 17:40:53,0,DRY
1408,2025-03-09 17:40:54,0,DRY
1409,2025-03-09 17:40:55,0,DRY
1410,2025-03-09 17:40:56,0,DRY
1411,2025-03-09 17:40:57,0,DRY
1412,2025-03-09 17:40:58,0,DRY
1413,2025-03-09 17:40:59,0,DRY
1414,2025-03-09 17:41:00,0,DRY
1415,2025-03-09 17:41:01,0,DRY
1416,2025-03-09 17:41:02,0,DRY
1417,2025-03-09 17:41:03,0,DRY
1418,2025-03-09 17:41:04,0,DRY
1419,2025-03-09 17:41:05,0,DRY
1420,2025-03-09 17:41:06,0,DRY
1421,2025-03-09 17:41:07,0,DRY
1422,2025-03-09 17:41:08,0,DRY
1423,2025-03-09 17:41:09,0,DRY
1424,2025-03-09 17:41:10,0,DRY
1425,2025-03-09 17:41:11,0,DRY
1426,2025-03-09 17:41:12,0,DRY
1427,2025-03-09 17:41:13,0,DRY
1428,2025-03-09 17:41:14,0,DRY
1429,2025-03-09 17:41:15,0,DRY
1430,2025-03-09 17:41:16,0,DRY
1431,2025-03-09 17:41:17,0,DRY
1432,2025-03-09 17:41:18,0,DRY
1433,2025-03-09 17:41:19,0,DRY
1434,2025-03-09 17:41:20,0,DRY
1435,2025-03-09 17:41:21,0,DRY
1436,2025-03-09 17:41:22,0,DRY
1437,2025-03-09 17:41:23,0,DRY
1438,2025-03-09 17:41:24,0,DRY
1439,2025-03-09 17:41:26,0,DRY
1440,2025-03-09 17:41:27,0,DRY
1441,2025-03-09 17:41:28,0,DRY
1442,2025-03-09 17:41:29,0,DRY
1443,2025-03-09 17:41:30,0,DRY
1444,2025-03-09 17:41:31,0,DRY
1445,2025-03-09 17:41:32,0,DRY
1446,2025-03-09 17:41:33,0,DRY
1447,2025-03-09 17:41:34,0,DRY
1448,2025-03-09 17:41:35,0,DRY
1449,2025-03-09 17:41:36,0,DRY
1450,2025-03-09 17:41:37,0,DRY
1451,2025-03-09 17:41:38,0,DRY
1452,2025-03-09 17:41:39,0,DRY
1453,2025-03-09 17:41:40,0,DRY
1454,2025-03-09 17:41:41,0,DRY
1455,2025-03-09 17:41:42,0,DRY
1456,2025-03-09 17:41:43,0,DRY
1457,2025-03-09 17:41:44,0,DRY
1458,2025-03-09 17:41:45,0,DRY
1459,2025-03-09 17:41:46,0,DRY
1460,2025-03-09 17:41:47,0,DRY
1461,2025-03-09 17:41:48,0,DRY
1462,2025-03-09 17:41:49,0,DRY
1463,2025-03-09 17:41:50,0,DRY
1464,2025-03-09 17:41:51,0,DRY
1465,2025-03-09 17:41:52,0,DRY
1466,2025-03-09 17:41:53,0,DRY
1467,2025-03-09 17:41:54,0,DRY
1468,2025-03-09 17:41:55,0,DRY
1469,2025-03-09 17:41:56,0,DRY
1470,2025-03-09 17:41:57,0,DRY
1471,2025-03-09 17:41:58,0,DRY
1472,2025-03-09 17:41:59,0,DRY
1473,2025-03-09 17:42:00,0,DRY
1474,2025-03-09 17:42:01,0,DRY
1475,2025-03-09 17:42:02,0,DRY
1476,2025-03-09 17:42:03,0,DRY
1477,2025-03-09 17:42:04,0,DRY
1478,2025-03-09 17:42:05,0,DRY
1479,2025-03-09 17:42:06,0,DRY
1480,2025-03-09 17:42:07,0,DRY
1481,2025-03-09 17:42:08,0,DRY
1482,2025-03-09 17:42:09,0,DRY
1483,2025-03-09 17:42:11,0,DRY
1484,2025-03-09 17:42:12,0,DRY
1485,2025-03-09 17:42:13,0,DRY
1486,2025-03-09 17:42:14,0,DRY
1487,2025-03-09 17:42:15,0,DRY
1488,2025-03-09 17:42:16,0,DRY
1489,2025-03-09 17:42:17,0,DRY
1490,2025-03-09 17:42:18,0,DRY
1491,2025-03-09 17:42:19,0,DRY
1492,2025-03-09 17:42:20,0,DRY
1493,2025-03-09 17:42:21,0,DRY
1494,2025-03-09 17:42:22,0,DRY
1495,2025-03-09 17:42:23,0,DRY
1496,2025-03-09 17:42:24,0,DRY
1497,2025-03-09 17:42:25,0,DRY
1498,2025-03-09 17:42:26,0,DRY
1499,2025-03-09 17:42:27,0,DRY
1500,2025-03-09 17:42:28,0,DRY
1501,2025-03-09 17:42:29,0,DRY
1502,2025-03-09 17:42:30,0,DRY
1503,2025-03-09 17:42:31,0,DRY
1504,2025-03-09 17:42:32,0,DRY
1505,2025-03-09 17:42:33,0,DRY
1506,2025-03-09 17:42:34,0,DRY
1507,2025-03-09 17:42:35,0,DRY
1508,2025-03-09 17:42:36,0,DRY
1509,2025-03-09 17:42:37,0,DRY
1510,2025-03-09 17:42:38,0,DRY
1511,2025-03-09 17:42:39,0,DRY
1512,2025-03-09 17:42:40,0,DRY
1513,2025-03-09 17:42:41,0,DRY
1514,2025-03-09 17:42:42,0,DRY
1515,2025-03-09 17:42:43,0,DRY
1516,2025-03-09 17:42:44,0,DRY
1517,2025-03-09 17:42:45,0,DRY
1518,2025-03-09 17:42:46,0,DRY
1519,2025-03-09 17:42:47,0,DRY
1520,2025-03-09 17:42:48,0,DRY
1521,2025-03-09 17:42:49,0,DRY
1522,2025-03-09 17:42:50,0,DRY
1523,2025-03-09 17:42:51,0,DRY
1524,2025-03-09 17:42:52,0,DRY
1525,2025-03-09 17:42:53,0,DRY
1526,2025-03-09 17:42:54,0,DRY
1527,2025-03-09 17:42:56,0,DRY
1528,2025-03-09 17:42:57,0,DRY
1529,2025-03-09 17:42:58,0,DRY
1530,2025-03-09 17:42:59,0,DRY
1531,2025-03-09 17:43:00,0,DRY
1532,2025-03-09 17:43:01,0,DRY
1533,2025-03-09 17:43:02,0,DRY
1534,2025-03-09 17:43:03,0,DRY
1535,2025-03-09 17:43:04,0,DRY
1536,2025-03-09 17:43:05,0,DRY
1537,2025-03-09 17:43:06,0,DRY
1538,2025-03-09 17:43:07,0,DRY
1539,2025-03-09 17:43:08,0,DRY
1540,2025-03-09 17:43:09,0,DRY
1541,2025-03-09 17:43:10,0,DRY
1542,2025-03-09 17:43:11,0,DRY
1543,2025-03-09 17:43:12,0,DRY
1544,2025-03-09 17:43:13,0,DRY
1545,2025-03-09 17:43:14,0,DRY
1546,2025-03-09 17:43:15,0,DRY
1547,2025-03-09 17:43:16,0,DRY
1548,2025-03-09 17:43:17,0,DRY
1549,2025-03-09 17:43:18,0,DRY
1550,2025-03-09 17:43:19,0,DRY
1551,2025-03-09 17:43:20,0,DRY
1552,2025-03-09 17:43:21,0,DRY
1553,2025-03-09 17:43:22,0,DRY
1554,2025-03-09 17:43:23,0,DRY
1555,2025-03-09 17:43:24,0,DRY
1556,2025-03-09 17:43:25,0,DRY
1557,2025-03-09 17:43:26,0,DRY
1558,2025-03-09 17:43:27,0,DRY
1559,2025-03-09 17:43:28,0,DRY
1560,2025-03-09 17:43:29,0,DRY
1561,2025-03-09 17:43:30,0,DRY
1562,2025-03-09 17:43:31,0,DRY
1563,2025-03-09 17:43:32,0,DRY
1564,2025-03-09 17:43:33,0,DRY
1565,2025-03-09 17:43:34,0,DRY
1566,2025-03-09 17:43:35,0,DRY
1567,2025-03-09 17:43:36,0,DRY
1568,2025-03-09 17:43:37,0,DRY
1569,2025-03-09 17:43:38,0,DRY
1570,2025-03-09 17:43:39,0,DRY
1571,2025-03-09 17:43:41,0,DRY
1572,2025-03-09 17:43:42,0,DRY
1573,2025-03-09 17:43:43,0,DRY
1574,2025-03-09 17:43:44,0,DRY
1575,2025-03-09 17:43:45,0,DRY
1576,2025-03-09 17:43:46,0,DRY
1577,2025-03-09 17:43:47,0,DRY
1578,2025-03-09 17:43:48,0,DRY
1579,2025-03-09 17:43:49,0,DRY
1580,2025-03-09 17:43:50,0,DRY
1581,2025-03-09 17:43:51,0,DRY
1582,2025-03-09 17:43:52,0,DRY
1583,2025-03-09 17:43:53,0,DRY
1584,2025-03-09 17:43:54,0,DRY
1585,2025-03-09 17:43:55,0,DRY
1586,2025-03-09 17:43:56,0,DRY
1587,2025-03-09 17:43:57,0,DRY
1588,2025-03-09 17:43:58,0,DRY
1589,2025-03-09 17:43:59,0,DRY
1590,2025-03-09 17:44:00,0,DRY
1591,2025-03-09 17:44:01,0,DRY
1592,2025-03-09 17:44:02,0,DRY
1593,2025-03-09 17:44:03,0,DRY
1594,2025-03-09 17:44:04,0,DRY
1595,2025-03-09 17:44:05,0,DRY
1596,2025-03-09 17:44:06,0,DRY
1597,2025-03-09 17:44:07,0,DRY
1598,2025-03-09 17:44:08,0,DRY
1599,2025-03-09 17:44:09,0,DRY
1600,2025-03-09 17:44:10,0,DRY
1601,2025-03-09 17:44:11,0,DRY
1602,2025-03-09 17:44:12,0,DRY
1603,2025-03-09 17:44:13,0,DRY
1604,2025-03-09 17:44:14,0,DRY
1605,2025-03-09 17:44:15,0,DRY
1606,2025-03-09 17:44:16,0,DRY
1607,2025-03-09 17:44:17,0,DRY
1608,2025-03-09 17:44:18,0,DRY
1609,2025-03-09 17:44:19,0,DRY
1610,2025-03-09 17:44:20,0,DRY
1611,2025-03-09 17:44:21,0,DRY
1612,2025-03-09 17:44:22,0,DRY
1613,2025-03-09 17:44:23,0,DRY
1614,2025-03-09 17:44:24,0,DRY
1615,2025-03-09 17:44:26,0,DRY
1616,2025-03-09 17:44:27,0,DRY
1617,2025-03-09 17:44:28,0,DRY
1618,2025-03-09 17:44:29,0,DRY
1619,2025-03-09 17:44:30,0,DRY
1620,2025-03-09 17:44:31,0,DRY
1621,2025-03-09 17:44:32,0,DRY
1622,2025-03-09 17:44:33,0,DRY
1623,2025-03-09 17:44:34,0,DRY
1624,2025-03-09 17:44:35,0,DRY
1625,2025-03-09 17:44:36,0,DRY
1626,2025-03-09 17:44:37,0,DRY
1627,2025-03-09 17:44:38,0,DRY
1628,2025-03-09 17:44:39,0,DRY
1629,2025-03-09 17:44:40,0,DRY
1630,2025-03-09 17:44:41,0,DRY
1631,2025-03-09 17:44:42,0,DRY
1632,2025-03-09 17:44:43,0,DRY
1633,2025-03-09 17:44:44,0,DRY
1634,2025-03-09 17:44:45,0,DRY
1635,2025-03-09 17:44:46,0,DRY
1636,2025-03-09 17:44:47,0,DRY
1637,2025-03-09 17:44:48,0,DRY
1638,2025-03-09 17:44:49,0,DRY
1639,2025-03-09 17:44:50,0,DRY
1640,2025-03-09 17:44:51,0,DRY
1641,2025-03-09 17:44:52,0,DRY
1642,2025-03-09 17:44:53,0,DRY
1643,2025-03-09 17:44:54,0,DRY
1644,2025-03-09 17:44:55,0,DRY
1645,2025-03-09 17:44:56,0,DRY
1646,2025-03-09 17:44:57,0,DRY
1647,2025-03-09 17:44:58,0,DRY
1648,2025-03-09 17:44:59,0,DRY
1649,2025-03-09 17:45:00,0,DRY
1650,2025-03-09 17:45:01,0,DRY
1651,2025-03-09 17:45:02,0,DRY
1652,2025-03-09 17:45:03,0,DRY
1653,2025-03-09 17:45:04,0,DRY
1654,2025-03-09 17:45:05,0,DRY
1655,2025-03-09 17:45:06,0,DRY
1656,2025-03-09 17:45:07,0,DRY
1657,2025-03-09 17:45:08,0,DRY
1658,2025-03-09 17:45:10,0,DRY
1659,2025-03-09 17:45:11,0,DRY
1660,2025-03-09 17:45:12,0,DRY
1661,2025-03-09 17:45:13,0,DRY
1662,2025-03-09 17:45:14,0,DRY
1663,2025-03-09 17:45:15,0,DRY
1664,2025-03-09 17:45:16,0,DRY
1665,2025-03-09 17:45:17,0,DRY
1666,2025-03-09 17:45:18,0,DRY
1667,2025-03-09 17:45:19,0,DRY
1668,2025-03-09 17:45:20,0,DRY
1669,2025-03-09 17:45:21,0,DRY
1670,2025-03-09 17:45:22,0,DRY
1671,2025-03-09 17:45:23,0,DRY
1672,2025-03-09 17:45:24,0,DRY
1673,2025-03-09 17:45:25,0,DRY
1674,2025-03-09 17:45:26,0,DRY
1675,2025-03-09 17:45:27,0,DRY
1676,2025-03-09 17:45:28,0,DRY
1677,2025-03-09 17:45:29,0,DRY
1678,2025-03-09 17:45:30,0,DRY
1679,2025-03-09 17:45:31,0,DRY
1680,2025-03-09 17:45:32,0,DRY
1681,2025-03-09 17:45:33,0,DRY
1682,2025-03-09 17:45:34,0,DRY
1683,2025-03-09 17:45:35,0,DRY
1684,2025-03-09 17:45:36,0,DRY
1685,2025-03-09 17:45:37,0,DRY
1686,2025-03-09 17:45:38,0,DRY
1687,2025-03-09 17:45:39,0,DRY
1688,2025-03-09 17:45:40,0,DRY
1689,2025-03-09 17:45:41,0,DRY
1690,2025-03-09 17:45:42,0,DRY
1691,2025-03-09 17:45:43,0,DRY
1692,2025-03-09 17:45:44,0,DRY
1693,2025-03-09 17:45:45,0,DRY
1694,2025-03-09 17:45:46,0,DRY
1695,2025-03-09 17:45:47,0,DRY
1696,2025-03-09 17:45:48,0,DRY
1697,2025-03-09 17:45:49,0,DRY
1698,2025-03-09 17:45:50,0,DRY
1699,2025-03-09 17:45:51,0,DRY
1700,2025-03-09 17:45:52,0,DRY
1701,2025-03-09 17:45:54,0,DRY
1702,2025-03-09 17:45:55,0,DRY
1703,2025-03-09 17:45:56,0,DRY
1704,2025-03-09 17:45:57,0,DRY
1705,2025-03-09 17:45:58,0,DRY
1706,2025-03-09 17:45:59,0,DRY
1707,2025-03-09 17:46:00,0,DRY
1708,2025-03-09 17:46:01,0,DRY
1709,2025-03-09 17:46:02,0,DRY
1710,2025-03-09 17:46:03,0,DRY
1711,2025-03-09 17:46:04,0,DRY
1712,2025-03-09 17:46:05,0,DRY
1713,2025-03-09 17:46:06,0,DRY
1714,2025-03-09 17:46:07,0,DRY
1715,2025-03-09 17:46:08,0,DRY
1716,2025-03-09 17:46:09,0,DRY
1717,2025-03-09 17:46:10,0,DRY
1718,2025-03-09 17:46:11,0,DRY
1719,2025-03-09 17:46:12,0,DRY
1720,2025-03-09 17:46:13,0,DRY
1721,2025-03-09 17:46:14,0,DRY
1722,2025-03-09 17:46:15,0,DRY
1723,2025-03-09 17:46:16,0,DRY
1724,2025-03-09 17:46:17,0,DRY
1725,2025-03-09 17:46:18,0,DRY
1726,2025-03-09 17:46:19,0,DRY
1727,2025-03-09 17:46:20,0,DRY
1728,2025-03-09 17:46:21,0,DRY
1729,2025-03-09 17:46:22,0,DRY
1730,2025-03-09 17:46:23,0,DRY
1731,2025-03-09 17:46:24,0,DRY
1732,2025-03-09 17:46:25,0,DRY
1733,2025-03-09 17:46:26,0,DRY
1734,2025-03-09 17:46:27,0,DRY
1735,2025-03-09 17:46:28,0,DRY
1736,2025-03-09 17:46:29,0,DRY
1737,2025-03-09 17:46:30,0,DRY
1738,2025-03-09 17:46:31,0,DRY
1739,2025-03-09 17:46:32,0,DRY
1740,2025-03-09 17:46:33,0,DRY
1741,2025-03-09 17:46:34,0,DRY
1742,2025-03-09 17:46:35,0,DRY
1743,2025-03-09 17:46:36,0,DRY
1744,2025-03-09 17:46:37,0,DRY
1745,2025-03-09 17:46:39,0,DRY
1746,2025-03-09 17:46:40,0,DRY
1747,2025-03-09 17:46:41,0,DRY
1748,2025-03-09 17:46:42,0,DRY
1749,2025-03-09 17:46:43,0,DRY
1750,2025-03-09 17:46:44,0,DRY
1751,2025-03-09 17:46:45,0,DRY
1752,2025-03-09 17:46:46,0,DRY
1753,2025-03-09 17:46:47,0,DRY
1754,2025-03-09 17:46:48,0,DRY
1755,2025-03-09 17:46:49,0,DRY
1756,2025-03-09 17:46:50,0,DRY
1757,2025-03-09 17:46:51,0,DRY
1758,2025-03-09 17:46:52,0,DRY
1759,2025-03-09 17:46:53,0,DRY
1760,2025-03-09 17:46:54,0,DRY
1761,2025-03-09 17:46:55,0,DRY
1762,2025-03-09 17:46:56,0,DRY
1763,2025-03-09 17:46:57,0,DRY
1764,2025-03-09 17:46:58,0,DRY
1765,2025-03-09 17:46:59,0,DRY
1766,2025-03-09 17:47:00,0,DRY
1767,2025-03-09 17:47:01,0,DRY
1768,2025-03-09 17:47:02,0,DRY
1769,2025-03-09 17:47:03,0,DRY
1770,2025-03-09 17:47:04,0,DRY
1771,2025-03-09 17:47:05,0,DRY
1772,2025-03-09 17:47:06,0,DRY
1773,2025-03-09 17:47:07,0,DRY
